---,Tag,DevComment
GameplayCue.Test.1,"GameplayCue.Test.1","GameplayCue测试用例"
GameplayCue.Test.2,"GameplayCue.Test.2","GameplayCue测试用例"
GameplayCue.Test.3,"GameplayCue.Test.3","GameplayCue测试用例"
GameplayCue.Test.4,"GameplayCue.Test.4","GameplayCue测试用例"
GameplayCue.Test.5,"GameplayCue.Test.5","GameplayCue测试用例"
GameplayCue.Test.6,"GameplayCue.Test.6","GameplayCue测试用例"
GameplayCue.Test.7,"GameplayCue.Test.7","GameplayCue测试用例"
GameplayCue.Test.8,"GameplayCue.Test.8","GameplayCue测试用例"
GameplayCue.Test.9,"GameplayCue.Test.9","GameplayCue测试用例"
GameplayCue.Test.10,"GameplayCue.Test.10","GameplayCue测试用例"

